query,source,frequency,geo
купить беговые кроссовки nike москва,gsc,320,Moscow
лучшие беговые кроссовки для асфальта,suggest,210,RU
кроссовки для бега по асфальту мужские,csv,180,RU
nike air zoom марафон отзывы,gsc,70,RU
скачать беговые кроссовки,suggest,8,RU
беговые кроссовки asics gel kayano купить,gsc,154,RU
лучшие кроссовки для марафона 2026,suggest,132,RU
adidas или nike для бега,csv,118,RU
беговые кроссовки женские 39 размер,gsc,96,RU
беговые кроссовки спб,gsc,88,SPb
кроссовки для бега hoka clifton 9,suggest,74,RU
ремонт подошвы беговых кроссовок,csv,22,RU
как стирать беговые кроссовки,suggest,41,RU
беговые кроссовки wildberries,gsc,27,RU
nike pegasus 41 мужские москва,gsc,63,Moscow
таблица размеров asics бег,suggest,36,RU
беговые кроссовки adidas adizero купить,gsc,91,RU
кроссовки для трейлраннинга salomon,csv,84,RU
беговые кроссовки для плоскостопия,suggest,76,RU
лучшие женские кроссовки для бега,suggest,95,RU
running shoes nike sale,csv,39,RU
беговые кроссовки казань,gsc,54,Kazan
как выбрать кроссовки для полумарафона,suggest,48,RU
nike pegasus vs asics novablast,gsc,44,RU
